{
  "approach": "multi_range_specialized",
  "total_samples": 599,
  "global_tolerance_percentage": 13.52253756260434,
  "range_results": {
    "small": {
      "gap_range": [
        0.005,
        1.0
      ],
      "r2": 0.9933630326514765,
      "rmse": 0.021879888549776235,
      "tolerance_percentage": 40.7035175879397,
      "n_samples": 199,
      "training_time": 69.55871820449829
    },
    "medium": {
      "gap_range": [
        1.0,
        2.0
      ],
      "r2": 0.9187221805269932,
      "rmse": 0.08005504396599819,
      "tolerance_percentage": 0.0,
      "n_samples": 200,
      "training_time": 29.0743088722229
    },
    "large": {
      "gap_range": [
        2.0,
        3.0
      ],
      "r2": 0.7796121997085005,
      "rmse": 0.1318245973751847,
      "tolerance_percentage": 0.0,
      "n_samples": 200,
      "training_time": 26.969868898391724
    }
  }
}