{
  "test_type": "noise_robustness",
  "noise_levels": [
    0,
    1,
    2,
    5,
    10,
    20
  ],
  "n_test_samples": 80,
  "results_by_noise": {
    "0": {
      "r2": 0.9949183661859483,
      "rmse": 0.04423989508045087,
      "mae": 0.03393449812568724,
      "training_time": 11.586453914642334,
      "epochs": 88
    },
    "1": {
      "r2": 0.9921717943549679,
      "rmse": 0.054908997941530216,
      "mae": 0.05077224148996175,
      "training_time": 7.03098201751709,
      "epochs": 43
    },
    "2": {
      "r2": 0.9770369461591286,
      "rmse": 0.09404316293208997,
      "mae": 0.06357434700429439,
      "training_time": 8.787242889404297,
      "epochs": 64
    },
    "5": {
      "r2": 0.9931311765974605,
      "rmse": 0.05143438846197532,
      "mae": 0.03824896474322304,
      "training_time": 17.77257800102234,
      "epochs": 88
    },
    "10": {
      "r2": 0.9942945918661615,
      "rmse": 0.04687656321942013,
      "mae": 0.037374479530379166,
      "training_time": 9.877559900283813,
      "epochs": 79
    },
    "20": {
      "r2": 0.9819662846300778,
      "rmse": 0.08334029062362058,
      "mae": 0.05780653211846948,
      "training_time": 15.741254806518555,
      "epochs": 87
    }
  }
}