{
  "model_type": "RobustGapPredictor_Retrained",
  "dataset": "dataset_merged (0.005-3.000\u00b5m)",
  "augmentation": "interpolation_factor_2",
  "noise_level": "5%",
  "training_time_s": 9.437551021575928,
  "performance": {
    "r2_score": 0.9861353157128459,
    "rmse_um": 0.10142505712497626,
    "mae_um": 0.09394876734912394
  },
  "range_performance": {
    "0.0-1.0\u00b5m": {
      "r2": 0.8562056768304729,
      "rmse": 0.10526734461978428,
      "n_samples": 78
    },
    "1.0-2.0\u00b5m": {
      "r2": 0.9463469971661653,
      "rmse": 0.06798413334897722,
      "n_samples": 83
    },
    "2.0-3.0\u00b5m": {
      "r2": 0.8039039851583549,
      "rmse": 0.12431801468066078,
      "n_samples": 79
    }
  }
}