{
    "train_loss": [
        0.23545088827610017,
        0.20985276103019715,
        0.19071476697921752,
        0.20151142179965972,
        0.20243307173252106,
        0.19629027485847472,
        0.19744738698005676,
        0.19729266107082366,
        0.18855875968933106,
        0.18726639121770858,
        0.19428624987602233,
        0.19212658137083052,
        0.18306263387203217,
        0.18672632157802582,
        0.1888708245754242,
        0.1879556033015251,
        0.18652899861335753,
        0.18766267061233521,
        0.18579328954219818,
        0.18758360683918,
        0.18939518570899963,
        0.18489808917045594,
        0.186067835688591,
        0.18114261448383331,
        0.1827319824695587,
        0.18771297633647918,
        0.2005445197224617,
        0.1848803526163101,
        0.17876562505960464,
        0.1797708424925804,
        0.17642812728881835,
        0.18294044137001036,
        0.18320611774921416,
        0.18158581495285034,
        0.17654077410697938,
        0.18001797318458557,
        0.17849816739559174,
        0.17748409658670425,
        0.18036521703004837,
        0.17612087666988374,
        0.18210691779851915,
        0.1796044087409973,
        0.17604612052440644,
        0.1822925838828087,
        0.18060939252376557,
        0.17773865282535553,
        0.17866344928741454,
        0.17693898022174837,
        0.1760636380314827,
        0.1785748890042305
    ],
    "val_loss": [
        0.18534505260842188,
        0.18781179721866334,
        0.1822926891701562,
        0.17776983018432344,
        0.19337046252829687,
        0.18022984798465455,
        0.19528676250151225,
        0.20918606860297068,
        0.17624029091426305,
        0.22345606876271112,
        0.18224908411502838,
        0.2655940130352974,
        0.1766500174999237,
        0.17343993006008013,
        0.1780148595571518,
        0.1717228458396026,
        0.19051671773195267,
        0.20801836465086257,
        0.18604360361184394,
        0.19545662722417287,
        0.20720399171113968,
        0.18649231323174068,
        0.1922384276986122,
        0.17765102375830924,
        0.21865339045013701,
        0.18458446700658118,
        0.17775644681283406,
        0.1691297755709716,
        0.17143446366701806,
        0.16701033658214978,
        0.17588703919734275,
        0.20905205075229918,
        0.27735886509929386,
        0.17465513731752122,
        0.18723202709640777,
        0.16998023593000003,
        0.17499145812221936,
        0.1899262991334711,
        0.1796920405966895,
        0.1682740008192403,
        0.17101608802165305,
        0.19067265731947763,
        0.18440091290644237,
        0.1680959372648171,
        0.16754440058554923,
        0.16848103063447134,
        0.1678865716925689,
        0.16782201400824956,
        0.16971719211765698,
        0.16749570784824236
    ],
    "train_r2": [
        -0.2323412559869802,
        -0.10163702508871708,
        0.002368111998120259,
        -0.05004326878491305,
        -0.056047521949163404,
        -0.02552906410139899,
        -0.034036699511599044,
        -0.034399380259344525,
        0.011774479537745908,
        0.022418495186995013,
        -0.017501176560314358,
        -0.007494306888966351,
        0.04252656657514142,
        0.01915814847655628,
        0.010949498132667101,
        0.014772752650663135,
        0.021551416350468644,
        0.01574703985919279,
        0.030600683069803347,
        0.017320098023636765,
        0.007352853836422701,
        0.030785020085363768,
        0.02508921100819983,
        0.04930102314194018,
        0.043157885424469855,
        0.018823270463616537,
        -0.054676554285309154,
        0.031223312183889962,
        0.05885601267411589,
        0.058989204974791765,
        0.07512806015027274,
        0.04630449527977398,
        0.03954598498354944,
        0.04813451565203564,
        0.07432654617938894,
        0.056348403979403994,
        0.06581675964117795,
        0.06711126222992192,
        0.05181940877767488,
        0.07772955790082414,
        0.048268855476604866,
        0.05633571017240058,
        0.07980984649116107,
        0.046928459396284206,
        0.052748967470297226,
        0.06962263362225074,
        0.06502970054974433,
        0.0729979847158937,
        0.0780795076823193,
        0.06493107993061165
    ],
    "val_r2": [
        0.019676860254505657,
        0.009320191440611136,
        0.041359405016766715,
        0.06241201741985947,
        -0.019129309865229205,
        0.04794983696463395,
        -0.02176404981538571,
        -0.10249925073307731,
        0.06507496146070335,
        -0.15609097865418753,
        0.0401793585667054,
        -0.4027889342680029,
        0.06653637877141394,
        0.08355686894604109,
        0.053833088687057606,
        0.08849702419367556,
        -0.0013437870366259652,
        -0.10501214946093729,
        0.010308645783484227,
        -0.0200822967206018,
        -0.10171679037833714,
        0.019104090801308593,
        -0.00707864343563358,
        0.05880192449146371,
        -0.1581867478571659,
        0.022685157049994964,
        0.06386568783607904,
        0.10275441997359225,
        0.09250802213776854,
        0.11041158308877996,
        0.07068617708601388,
        -0.10619526265099943,
        -0.45159723568968024,
        0.0696171223735923,
        0.01674593286432413,
        0.09679870978729399,
        0.07423708826466735,
        -0.010885287429524437,
        0.05165357196048426,
        0.10428046018211845,
        0.09397530514966401,
        -0.013761132894572814,
        0.028420832288121645,
        0.10371892826048812,
        0.10639169587368591,
        0.10375722078708316,
        0.10637160090882858,
        0.10535181552154016,
        0.09301760575194751,
        0.1079157535482117
    ],
    "train_tolerance_acc": [
        1.0101010101010102,
        1.1363636363636365,
        1.5151515151515151,
        1.2626262626262625,
        1.1363636363636365,
        1.0101010101010102,
        1.1363636363636365,
        1.6414141414141417,
        1.1363636363636365,
        1.7676767676767675,
        1.2626262626262625,
        1.5151515151515151,
        0.7575757575757576,
        0.8838383838383838,
        1.893939393939394,
        2.146464646464646,
        1.1363636363636365,
        1.2626262626262625,
        2.398989898989899,
        0.5050505050505051,
        1.0101010101010102,
        1.1363636363636365,
        0.6313131313131313,
        1.3888888888888888,
        1.2626262626262625,
        1.6414141414141417,
        1.2626262626262625,
        1.0101010101010102,
        1.7676767676767675,
        1.1363636363636365,
        1.2626262626262625,
        1.7676767676767675,
        1.0101010101010102,
        1.7676767676767675,
        1.5151515151515151,
        2.272727272727273,
        1.5151515151515151,
        1.1363636363636365,
        1.6414141414141417,
        1.3888888888888888,
        1.5151515151515151,
        1.893939393939394,
        1.7676767676767675,
        0.8838383838383838,
        1.5151515151515151,
        1.2626262626262625,
        1.0101010101010102,
        1.3888888888888888,
        2.272727272727273,
        1.1363636363636365
    ],