{
  "n_samples": 5,
  "predictions": {
    "gap": [
      0.16845029592514038,
      0.18124902248382568,
      0.04482979699969292,
      0.19699953496456146,
      0.08010866492986679
    ],
    "L_ecran": [
      10.476387977600098,
      10.500762939453125,
      11.308430671691895,
      10.650738716125488,
      10.688346862792969
    ]
  },
  "evaluation": {
    "gap_r2": 0.9922475938773118,
    "L_ecran_r2": 0.9905404928861166,
    "combined_r2": 0.9913940433817141,
    "gap_mae": 0.004527649074792859,
    "L_ecran_mae": 0.02122241973876946,
    "gap_accuracy": 1.0,
    "L_ecran_accuracy": 1.0
  }
}