{
  "without_augmentation": {
    "0": {
      "r2": 0.9907606278050598,
      "rmse": 0.05702563271100268,
      "mae": 0.046646788895130145,
      "training_time": 14.321528911590576,
      "epochs": 69
    },
    "2": {
      "r2": 0.9951852866004455,
      "rmse": 0.0411655669973509,
      "mae": 0.033729385912418364,
      "training_time": 7.864383935928345,
      "epochs": 73
    },
    "5": {
      "r2": 0.9858524752662277,
      "rmse": 0.07056496204931026,
      "mae": 0.05164058821648358,
      "training_time": 6.00534200668335,
      "epochs": 53
    },
    "10": {
      "r2": 0.9853070727452774,
      "rmse": 0.07191227787281158,
      "mae": 0.0631858006445691,
      "training_time": 9.05800199508667,
      "epochs": 78
    }
  },
  "with_augmentation": {
    "0": {
      "r2": 0.9898635053787513,
      "rmse": 0.059730036274097134,
      "mae": 0.04466185976751148,
      "training_time": 27.230699062347412,
      "epochs": 62
    },
    "2": {
      "r2": 0.987956703813158,
      "rmse": 0.06510608262438375,
      "mae": 0.06217760782130063,
      "training_time": 18.626746892929077,
      "epochs": 42
    },
    "5": {
      "r2": 0.9890134567379717,
      "rmse": 0.06218410907183645,
      "mae": 0.051552403422072526,
      "training_time": 17.704008102416992,
      "epochs": 43
    },
    "10": {
      "r2": 0.9808820373934334,
      "rmse": 0.0820294283955671,
      "mae": 0.061947228170931325,
      "training_time": 28.91378116607666,
      "epochs": 69
    }
  },
  "comparison": {
    "0": {
      "r2_improvement": -0.000897122426308461,
      "rmse_improvement": -0.002704403563094454,
      "r2_improvement_percent": -0.0905488572245704,
      "rmse_improvement_percent": -4.7424349972581
    },
    "2": {
      "r2_improvement": -0.007228582787287441,
      "rmse_improvement": -0.023940515627032852,
      "r2_improvement_percent": -0.7263554721533606,
      "rmse_improvement_percent": -58.15665220540623
    },
    "5": {
      "r2_improvement": 0.00316098147174404,
      "rmse_improvement": 0.008380852977473811,
      "r2_improvement_percent": 0.32063432927836616,
      "rmse_improvement_percent": 11.876790880461801
    },
    "10": {
      "r2_improvement": -0.00442503535184402,
      "rmse_improvement": -0.01011715052275551,
      "r2_improvement_percent": -0.4491021605594406,
      "rmse_improvement_percent": -14.068738777332735
    }
  }
}