{
  "n_points": 18,
  "min_error": 1.7940628930817635,
  "max_error": 4.805738461538448,
  "mean_error": 3.528141371554999,
  "median_error": 3.602992749518523,
  "std_error": 0.9855764309509623,
  "points_under_5_percent": 