{
  "experiment_config": {
    "n_train": 300,
    "n_test": 100,
    "noise_level": 5,
    "architecture": "RobustGapPredictor"
  },
  "performance": {
    "r2": 0.9937048532357208,
    "mse": 0.0020841480098834787,
    "mae": 0.03417806223332884,
    "rmse": 0.045652469920952565
  },
  "training_epochs": 63,
  "final_train_r2": 0.9194592599959798,
  "final_test_r2": 0.9937048581220727
}